<Activities>
<Activity Name="LISTVIEWACT" ActivityDescription="ListViewAct" ActivityType="USR" ProcessName="UNITTESTPROC" ProcessDescription="UnitTest" ComponentName="TestComponent" ComponentDescription="TestComponent" EntryPointUI="ListViewUI" DisplaySequence="0" LanguageId="1" Customer="ramco" Project="UnitTestProj" Request="TC_ECR_00053" LanguageSettings="" ServerName="TECHWARCNV18\INST3" DatabaseName="Maint_rvw20appdb">
<ILBOs>
<ILBO Name="LISTVIEWUI" ILBODescription="ListViewUI" ActivityName="LISTVIEWACT" ComponentName="TestComponent" UIType="Main" UIFormat="bes" TrailBar="Both" StyleSheet="RSGlobalStyles" CmbCssForJava="N" CaptionAlignment="" SmartSpan="Yes" TabHeight="400" OCX_Name="LISTVIEWUI.OCX" progid="LISTVIEWUI.main_scr" StateEnabled="N" FillerClass="" BaseCallOut="N" RTUITYPE="2" GridColLength="12" DeploymentState="N" CustomStyles="N" IncludeLine="N" TabType="None" EnableFiller="No" TabPosition="Top" SmartHide="N" HideIlboTitleMenu="N" Exclude_Systemtabindex="N" Hide_Print="N" Hide_personalization="N" Hide_defaults="N" IsDesktop="Y" IsPhone="" IsTablet="" UILayout="Table" XYCoordinates="" ColumnLayWidth="" PostLaunchTask="No" IsGQL="No" TitlebarSearch="N" Sidebar="N" PullToRefresh="N" UISubType="">
<Pages>
<Page Name="[MAINSCREEN]" PageCaption="[MAINSCREEN]" ILBOName="LISTVIEWUI" ActivityName="LISTVIEWACT" ComponentName="TestComponent" PagePrefix="mnscn" PageClass="" PageType="Normal" HOrder="000" VOrder="000" MappedTask="" TaskType="" PageImage="" TabTitleStyle="" TabIconPosition="" PageLayout="" XYCoordinates="" ColumnLayWidth="" Width=""/>
</Pages>
<Sections>
<Section Name="HEADERSECTION" SectionCaption="Header Section" PageName="[MAINSCREEN]" ILBOName="LISTVIEWUI" ActivityName="LISTVIEWACT" ComponentName="TestComponent" ParentSection="" VisibleFlag="Y" TitleRequired="Y" BorderRequired="Y" TitleAlignment="Left" SectionType="MAIN" Height="0" Width="100" HeightScaleMode="px" WidthScaleMode="%" SectionLevel="000" SectionPrefixClass="" IsLinkSection="N" IsButtonSection="N" RenderAs="" HOrder="001" VOrder="001" MappedControlId="" MappedViewName="" AlignBtn="" Position="" AssociatedControl="" ColSpan="0" RowSpan="0" SectionCollapseMode="" SectionCollapseable="N" CellSpacing="0" CellPadding="0" Region="" TitlePosition="Top" CollapseDir="" SectionLayout="Table" XYCoordinates="" ColumnLayWidth="" SlidingBarHeight="0" IsResponsive="N" ResponsiveCol="none" FullView="N" TitleIcon="" DynamicStyleControlName="" Orientation="" CarouselNavigation="N"/>
<Section Name="GRIDSECTION" SectionCaption="Grid Section" PageName="[MAINSCREEN]" ILBOName="LISTVIEWUI" ActivityName="LISTVIEWACT" ComponentName="TestComponent" ParentSection="" VisibleFlag="Y" TitleRequired="Y" BorderRequired="Y" TitleAlignment="Left" SectionType="MAIN" Height="0" Width="100" HeightScaleMode="px" WidthScaleMode="%" SectionLevel="000" SectionPrefixClass="" IsLinkSection="N" IsButtonSection="N" RenderAs="" HOrder="002" VOrder="001" MappedControlId="" MappedViewName="" AlignBtn="" Position="" AssociatedControl="" ColSpan="0" RowSpan="0" SectionCollapseMode="" SectionCollapseable="N" CellSpacing="0" CellPadding="0" Region="" TitlePosition="Top" CollapseDir="" SectionLayout="Table" XYCoordinates="" ColumnLayWidth="" SlidingBarHeight="0" IsResponsive="N" ResponsiveCol="none" FullView="N" TitleIcon="" DynamicStyleControlName="" Orientation="" CarouselNavigation="N"/>
<Section Name="BUTTONSECTION" SectionCaption="Button Section" PageName="[MAINSCREEN]" ILBOName="LISTVIEWUI" ActivityName="LISTVIEWACT" ComponentName="TestComponent" ParentSection="" VisibleFlag="Y" TitleRequired="N" BorderRequired="Y" TitleAlignment="Left" SectionType="MAIN" Height="0" Width="100" HeightScaleMode="px" WidthScaleMode="%" SectionLevel="000" SectionPrefixClass="" IsLinkSection="N" IsButtonSection="Y" RenderAs="" HOrder="003" VOrder="001" MappedControlId="" MappedViewName="" AlignBtn="Y" Position="" AssociatedControl="" ColSpan="0" RowSpan="0" SectionCollapseMode="" SectionCollapseable="N" CellSpacing="0" CellPadding="0" Region="" TitlePosition="Top" CollapseDir="" SectionLayout="Table" XYCoordinates="" ColumnLayWidth="" SlidingBarHeight="0" IsResponsive="N" ResponsiveCol="none" FullView="N" TitleIcon="" DynamicStyleControlName="" Orientation="" CarouselNavigation="N"/>
<Section Name="PRJHDNSECTION" SectionCaption="PRJHDNSECTION" PageName="[MAINSCREEN]" ILBOName="LISTVIEWUI" ActivityName="LISTVIEWACT" ComponentName="TestComponent" ParentSection="" VisibleFlag="N" TitleRequired="N" BorderRequired="N" TitleAlignment="LEFT" SectionType="Main" Height="0" Width="0" HeightScaleMode="px" WidthScaleMode="px" SectionPrefixClass="" IsButtonSection="N" IsLinkSection="N" HOrder="004" VOrder="001" MappedControlId="" MappedViewName="" ColSpan="0" RowSpan="0" SectionCollapseMode="" Region="" TitlePosition="Top" CollapseDir="" SectionLayout="Table" XYCoordinates="" ColumnLayWidth="" SlidingBarHeight="0" IsResponsive="N" FullView="N" TitleIcon="" DynamicStyleControlName="N" Orientation="" SectionCollapseable="N"/>
</Sections>
<Controls>
<Control Name="LBLTXTEMPLOYEENO" RenderAs="EDIT" ControlCaption="Employee No" SectionName="HEADERSECTION" PageName="[MAINSCREEN]" ILBOName="LISTVIEWUI" ActivityName="LISTVIEWACT" ComponentName="TestComponent" ControlType="EDIT" DataType="CHAR" DataLength="60" DecimalLength="0" BTSynonym="EMPLOYEENO" BaseControlType="LABEL" VisibleLength="25" ProtoTooltip="" SampleData="" DefaultSampleData="" HOrder="001" VOrder="001" Mandatory="N" Visible="Y" Editable="Y" CaptionRequired="Y" SelectFlag="N" DeleteFlag="N" ZoomRequired="N" HelpRequired="N" EllipsesRequired="N" AssociatedTask="" DataColumnWidth="0" LabelColumnWidth="0" DataColumnScaleMode="%" LabelColumnScaleMode="%" CaptionWrap="N" CaptionAlignment="LEFT" CaptionPosition="LEFT" ControlPosition="LEFT" LabelClass="" ControlClass="" PasswordChar="N" TaskImageClass="" HelpImageClass="" Documentation="" OrderSequence="1" VisibleRows="0" HTMLTextArea="N" SpinRequired="N" SpinUpImage="" SpinDownImage="" AssociatedSpinControl="" AssociatedSpinTask="" HelpText="Employee No - Datatype : CHAR - MaxLength : 60" SpellCheckRequired="" ReportRequired="N" ModelSectionName="HEADERSECTION" UserFormat="Yes" InPlaceCalendar="n" InCalDisplay="n" TabIndex="" AccessKey="" GridLite="N" NoofLinesPerRow="" RowHeight="" Vscrollbar_Req="N" BulletLink="N" ButtonCombo="N" DataAsCaption="N" AssociatedList="" OnFocusTask="" ListRefillTask="" MappedListControlID="" MappedListViewName="" AttachDocument="N" ImageUpload="N" InplaceImage="N" ImageIcon="N" ImageType="N" ImageRowHeight="0" RelativeUrlPath="" RelativeDocumentPath="" RelativeImagePath="" SaveDocContentToDb="N" SaveImageContentToDb="N" DateHighlight="N" LinkedHiddenViewName="" IsITK="N"  FC="0" LiteAttach="N" Browse_Button="N" Delete_Button="N" image_row_width="0" image_preview_height="0" image_preview_width="0" image_preview_req="N" Accept_Type="" Lite_Attach_Image="N" TimeZone="N" ApplyVisibleLength="N" EditCombo="N" AutoExpand="N" LabelLink="N" AlignBtnH="0" AlignBtnV="0" CaptionType="Text" ControlStyle="Default" ControlImage="" IsListBox="" Toolbar_Not_Req="N" ColumnBorder_Not_Req="N" RowBorder_Not_Req="N" PageNavigation_Only="N" RowNo_Not_Req="N" NoRowDisplay="N" ColSpan="0" RowSpan="0" Tooltip_Not_Req="N" GridHeader_Not_Req="N" Border_Not_Req="N" IsModal="N" Alternate_Color_Req="N" Map_In_Req="N" Map_Out_Req="N" IsCallout="N" IsSmartView="N" IsSideDrawer="N" SetScrollPosition="" FileSize="" IsPivot="" TemplateCategory="" TemplateSpecification="" SetFocusEvent="" LeaveFocusEvent="" SetFocusEventOccurence="" LeaveFocusEventOccurence="" MoreEvent="" UPEEnabled="" IsMobile="" PaginationRequired="" AssociatedUpdateTask="" AssociatedDeleteTask="" RowAlwaysExpanded="" ShowAsToggle="" BadgeText="N" AutoHeight="N" IconRequired="N" SystemClass="N" ShowEyeIcon="N" ButtonHeight="0" PreviousCount="0" />
<Control Name="TXTEMPLOYEENO" RenderAs="EDIT" ControlCaption="Employee No" SectionName="HEADERSECTION" PageName="[MAINSCREEN]" ILBOName="LISTVIEWUI" ActivityName="LISTVIEWACT" ComponentName="TestComponent" ControlType="EDIT" BaseControlType="EDIT" DataType="CHAR" DataLength="60" DecimalLength="0" BTSynonym="EMPLOYEENO" VisibleLength="25" ProtoTooltip="" SampleData="" DefaultSampleData="" HOrder="001" VOrder="002" Mandatory="N" Visible="Y" Editable="Y" CaptionRequired="Y" SelectFlag="N" DeleteFlag="N" ZoomRequired="N" HelpRequired="N" EllipsesRequired="N" AssociatedTask="" DataColumnWidth="0" LabelColumnWidth="0" DataColumnScaleMode="%" LabelColumnScaleMode="%" CaptionWrap="N" CaptionAlignment="LEFT" CaptionPosition="LEFT" ControlPosition="LEFT" LabelClass="" ControlClass="" PasswordChar="N" TaskImageClass="" HelpImageClass="" Documentation="" OrderSequence="1" VisibleRows="0" HTMLTextArea="N" SpinRequired="N" SpinUpImage="" SpinDownImage="" AssociatedSpinControl="" AssociatedSpinTask="" HelpText="Employee No - Datatype : CHAR - MaxLength : 60" SpellCheckRequired="" ReportRequired="N" ModelSectionName="HEADERSECTION" UserFormat="Yes" InPlaceCalendar="n" InCalDisplay="n" TabIndex="1" AccessKey="" GridLite="N" NoofLinesPerRow="" RowHeight="" Vscrollbar_Req="N" BulletLink="N" ButtonCombo="N" DataAsCaption="N" AssociatedList="" OnFocusTask="" ListRefillTask="" MappedListControlID="" MappedListViewName="" AttachDocument="N" ImageUpload="N" InplaceImage="N" ImageIcon="N" ImageType="N" ImageRowHeight="0" RelativeUrlPath="" RelativeDocumentPath="" RelativeImagePath="" SaveDocContentToDb="N" SaveImageContentToDb="N" DateHighlight="N" LinkedHiddenViewName="" IsITK="N"  FC="0" LiteAttach="N" Browse_Button="N" Delete_Button="N" image_row_width="0" image_preview_height="0" image_preview_width="0" image_preview_req="N" Accept_Type="" Lite_Attach_Image="N" TimeZone="N" ApplyVisibleLength="N" EditCombo="N" AutoExpand="N" LabelLink="N" AlignBtnH="0" AlignBtnV="0" CaptionType="Text" ControlStyle="Default" ControlImage="" IsListBox="" Toolbar_Not_Req="N" ColumnBorder_Not_Req="N" RowBorder_Not_Req="N" PageNavigation_Only="N" RowNo_Not_Req="N" NoRowDisplay="N" ColSpan="0" RowSpan="0" Tooltip_Not_Req="N" GridHeader_Not_Req="N" Border_Not_Req="N" IsModal="N" Alternate_Color_Req="N" Map_In_Req="N" Map_Out_Req="N" IsCallout="N" IsSmartView="N" IsSideDrawer="N" FileSize="" IsDeviceInfo="N" DataGrid="N" Email="N" TemplateID="" Phone="N" ListControl="N" ColHdrAlign="" Gridheaderstyle="" Gridtoolbarstyle="" preevent="" postevent="" AvnFileDownload="" StaticCaption="N" IsPivot="" TemplateCategory="" TemplateSpecification="" ControlClassExt6="" SetScrollPosition="" Orientation="" IconPosition="" IconClass="" SetFocusEvent="" LeaveFocusEvent="" SetFocusEventOccurence="" LeaveFocusEventOccurence="" MoreEvent="" UPEEnabled="" IsMobile="" PaginationRequired="" AssociatedUpdateTask="" AssociatedDeleteTask="" IsFilter="N" RowAlwaysExpanded="" ResponsiveCol="none" ShowAsToggle="" BadgeText="N" AutoHeight="N" IconRequired="N" SystemClass="N" ButtonHeight="0" ShowEyeIcon="N" PreviousCount="0" />
<Control Name="LBLTXTEMPLOYEENAME" RenderAs="EDIT" ControlCaption="Employee Name" SectionName="HEADERSECTION" PageName="[MAINSCREEN]" ILBOName="LISTVIEWUI" ActivityName="LISTVIEWACT" ComponentName="TestComponent" ControlType="EDIT" DataType="CHAR" DataLength="60" DecimalLength="0" BTSynonym="EMPLOYEENAME" BaseControlType="LABEL" VisibleLength="25" ProtoTooltip="" SampleData="" DefaultSampleData="" HOrder="001" VOrder="003" Mandatory="N" Visible="Y" Editable="Y" CaptionRequired="Y" SelectFlag="N" DeleteFlag="N" ZoomRequired="N" HelpRequired="N" EllipsesRequired="N" AssociatedTask="" DataColumnWidth="0" LabelColumnWidth="0" DataColumnScaleMode="%" LabelColumnScaleMode="%" CaptionWrap="N" CaptionAlignment="LEFT" CaptionPosition="LEFT" ControlPosition="LEFT" LabelClass="" ControlClass="" PasswordChar="N" TaskImageClass="" HelpImageClass="" Documentation="" OrderSequence="1" VisibleRows="0" HTMLTextArea="N" SpinRequired="N" SpinUpImage="" SpinDownImage="" AssociatedSpinControl="" AssociatedSpinTask="" HelpText="Employee Name - Datatype : CHAR - MaxLength : 60" SpellCheckRequired="" ReportRequired="N" ModelSectionName="HEADERSECTION" UserFormat="Yes" InPlaceCalendar="n" InCalDisplay="n" TabIndex="" AccessKey="" GridLite="N" NoofLinesPerRow="" RowHeight="" Vscrollbar_Req="N" BulletLink="N" ButtonCombo="N" DataAsCaption="N" AssociatedList="" OnFocusTask="" ListRefillTask="" MappedListControlID="" MappedListViewName="" AttachDocument="N" ImageUpload="N" InplaceImage="N" ImageIcon="N" ImageType="N" ImageRowHeight="0" RelativeUrlPath="" RelativeDocumentPath="" RelativeImagePath="" SaveDocContentToDb="N" SaveImageContentToDb="N" DateHighlight="N" LinkedHiddenViewName="" IsITK="N"  FC="0" LiteAttach="N" Browse_Button="N" Delete_Button="N" image_row_width="0" image_preview_height="0" image_preview_width="0" image_preview_req="N" Accept_Type="" Lite_Attach_Image="N" TimeZone="N" ApplyVisibleLength="N" EditCombo="N" AutoExpand="N" LabelLink="N" AlignBtnH="0" AlignBtnV="0" CaptionType="Text" ControlStyle="Default" ControlImage="" IsListBox="" Toolbar_Not_Req="N" ColumnBorder_Not_Req="N" RowBorder_Not_Req="N" PageNavigation_Only="N" RowNo_Not_Req="N" NoRowDisplay="N" ColSpan="0" RowSpan="0" Tooltip_Not_Req="N" GridHeader_Not_Req="N" Border_Not_Req="N" IsModal="N" Alternate_Color_Req="N" Map_In_Req="N" Map_Out_Req="N" IsCallout="N" IsSmartView="N" IsSideDrawer="N" SetScrollPosition="" FileSize="" IsPivot="" TemplateCategory="" TemplateSpecification="" SetFocusEvent="" LeaveFocusEvent="" SetFocusEventOccurence="" LeaveFocusEventOccurence="" MoreEvent="" UPEEnabled="" IsMobile="" PaginationRequired="" AssociatedUpdateTask="" AssociatedDeleteTask="" RowAlwaysExpanded="" ShowAsToggle="" BadgeText="N" AutoHeight="N" IconRequired="N" SystemClass="N" ShowEyeIcon="N" ButtonHeight="0" PreviousCount="0" />
<Control Name="TXTEMPLOYEENAME" RenderAs="EDIT" ControlCaption="Employee Name" SectionName="HEADERSECTION" PageName="[MAINSCREEN]" ILBOName="LISTVIEWUI" ActivityName="LISTVIEWACT" ComponentName="TestComponent" ControlType="EDIT" BaseControlType="EDIT" DataType="CHAR" DataLength="60" DecimalLength="0" BTSynonym="EMPLOYEENAME" VisibleLength="25" ProtoTooltip="" SampleData="" DefaultSampleData="" HOrder="001" VOrder="004" Mandatory="N" Visible="Y" Editable="Y" CaptionRequired="Y" SelectFlag="N" DeleteFlag="N" ZoomRequired="N" HelpRequired="N" EllipsesRequired="N" AssociatedTask="" DataColumnWidth="0" LabelColumnWidth="0" DataColumnScaleMode="%" LabelColumnScaleMode="%" CaptionWrap="N" CaptionAlignment="LEFT" CaptionPosition="LEFT" ControlPosition="LEFT" LabelClass="" ControlClass="" PasswordChar="N" TaskImageClass="" HelpImageClass="" Documentation="" OrderSequence="1" VisibleRows="0" HTMLTextArea="N" SpinRequired="N" SpinUpImage="" SpinDownImage="" AssociatedSpinControl="" AssociatedSpinTask="" HelpText="Employee Name - Datatype : CHAR - MaxLength : 60" SpellCheckRequired="" ReportRequired="N" ModelSectionName="HEADERSECTION" UserFormat="Yes" InPlaceCalendar="n" InCalDisplay="n" TabIndex="2" AccessKey="" GridLite="N" NoofLinesPerRow="" RowHeight="" Vscrollbar_Req="N" BulletLink="N" ButtonCombo="N" DataAsCaption="N" AssociatedList="" OnFocusTask="" ListRefillTask="" MappedListControlID="" MappedListViewName="" AttachDocument="N" ImageUpload="N" InplaceImage="N" ImageIcon="N" ImageType="N" ImageRowHeight="0" RelativeUrlPath="" RelativeDocumentPath="" RelativeImagePath="" SaveDocContentToDb="N" SaveImageContentToDb="N" DateHighlight="N" LinkedHiddenViewName="" IsITK="N"  FC="0" LiteAttach="N" Browse_Button="N" Delete_Button="N" image_row_width="0" image_preview_height="0" image_preview_width="0" image_preview_req="N" Accept_Type="" Lite_Attach_Image="N" TimeZone="N" ApplyVisibleLength="N" EditCombo="N" AutoExpand="N" LabelLink="N" AlignBtnH="0" AlignBtnV="0" CaptionType="Text" ControlStyle="Default" ControlImage="" IsListBox="" Toolbar_Not_Req="N" ColumnBorder_Not_Req="N" RowBorder_Not_Req="N" PageNavigation_Only="N" RowNo_Not_Req="N" NoRowDisplay="N" ColSpan="0" RowSpan="0" Tooltip_Not_Req="N" GridHeader_Not_Req="N" Border_Not_Req="N" IsModal="N" Alternate_Color_Req="N" Map_In_Req="N" Map_Out_Req="N" IsCallout="N" IsSmartView="N" IsSideDrawer="N" FileSize="" IsDeviceInfo="N" DataGrid="N" Email="N" TemplateID="" Phone="N" ListControl="N" ColHdrAlign="" Gridheaderstyle="" Gridtoolbarstyle="" preevent="" postevent="" AvnFileDownload="" StaticCaption="N" IsPivot="" TemplateCategory="" TemplateSpecification="" ControlClassExt6="" SetScrollPosition="" Orientation="" IconPosition="" IconClass="" SetFocusEvent="" LeaveFocusEvent="" SetFocusEventOccurence="" LeaveFocusEventOccurence="" MoreEvent="" UPEEnabled="" IsMobile="" PaginationRequired="" AssociatedUpdateTask="" AssociatedDeleteTask="" IsFilter="N" RowAlwaysExpanded="" ResponsiveCol="none" ShowAsToggle="" BadgeText="N" AutoHeight="N" IconRequired="N" SystemClass="N" ButtonHeight="0" ShowEyeIcon="N" PreviousCount="0" />
<Control Name="LVWEMPLOYEENAMELISTVIEW" RenderAs="LISTVIEW" ControlCaption="Employee Name List View" SectionName="HEADERSECTION" PageName="[MAINSCREEN]" ILBOName="LISTVIEWUI" ActivityName="LISTVIEWACT" ComponentName="TestComponent" ControlType="LISTVIEWTEST" BaseControlType="LISTVIEW" DataType="CHAR" DataLength="60" DecimalLength="0" BTSynonym="EMPLOYEENAMELISTVIEW" VisibleLength="25" ProtoTooltip="" SampleData="" DefaultSampleData="" HOrder="002" VOrder="001" Mandatory="N" Visible="Y" Editable="N" CaptionRequired="N" SelectFlag="N" DeleteFlag="N" ZoomRequired="N" HelpRequired="N" EllipsesRequired="N" AssociatedTask="" DataColumnWidth="0" LabelColumnWidth="0" DataColumnScaleMode="%" LabelColumnScaleMode="%" CaptionWrap="N" CaptionAlignment="LEFT" CaptionPosition="LEFT" ControlPosition="LEFT" LabelClass="" ControlClass="" PasswordChar="N" TaskImageClass="" HelpImageClass="" Documentation="" OrderSequence="1" VisibleRows="0" HTMLTextArea="N" SpinRequired="N" SpinUpImage="" SpinDownImage="" AssociatedSpinControl="" AssociatedSpinTask="" HelpText="Employee Name - Datatype : CHAR - MaxLength : 60" SpellCheckRequired="N" ReportRequired="n" ModelSectionName="HEADERSECTION" UserFormat="Yes" InPlaceCalendar="n" InCalDisplay="n" TabIndex="" AccessKey="" GridLite="N" NoofLinesPerRow="" RowHeight="" Vscrollbar_Req="N" BulletLink="N" ButtonCombo="N" DataAsCaption="N" AssociatedList="" OnFocusTask="" ListRefillTask="" MappedListControlID="" MappedListViewName="" AttachDocument="N" ImageUpload="N" InplaceImage="N" ImageIcon="N" ImageType="N" ImageRowHeight="0" RelativeUrlPath="" RelativeDocumentPath="" RelativeImagePath="" SaveDocContentToDb="N" SaveImageContentToDb="N" DateHighlight="N" LinkedHiddenViewName="" IsITK="N"  FC="0" LiteAttach="N" Browse_Button="N" Delete_Button="N" image_row_width="0" image_preview_height="0" image_preview_width="0" image_preview_req="N" Accept_Type="" Lite_Attach_Image="N" TimeZone="N" ApplyVisibleLength="N" EditCombo="N" AutoExpand="N" LabelLink="N" AlignBtnH="0" AlignBtnV="0" CaptionType="Text" ControlStyle="Default" ControlImage="" IsListBox="" Toolbar_Not_Req="N" ColumnBorder_Not_Req="N" RowBorder_Not_Req="N" PageNavigation_Only="N" RowNo_Not_Req="N" NoRowDisplay="N" ColSpan="0" RowSpan="0" Tooltip_Not_Req="N" GridHeader_Not_Req="N" Border_Not_Req="N" IsModal="N" Alternate_Color_Req="N" Map_In_Req="N" Map_Out_Req="N" IsCallout="N" IsSmartView="N" IsSideDrawer="N" FileSize="" IsDeviceInfo="N" DataGrid="N" Email="N" TemplateID="" Phone="N" ListControl="N" ColHdrAlign="" Gridheaderstyle="" Gridtoolbarstyle="" preevent="" postevent="" AvnFileDownload="" StaticCaption="N" IsPivot="" TemplateCategory="" TemplateSpecification="" ControlClassExt6="" SetScrollPosition="" Orientation="" IconPosition="" SetFocusEvent="" LeaveFocusEvent="" SetFocusEventOccurence="" LeaveFocusEventOccurence="" MoreEvent="" UPEEnabled="" IsMobile="N" PaginationRequired="N" AssociatedUpdateTask="" AssociatedDeleteTask="" IsFilter="N" RowAlwaysExpanded="N" ResponsiveCol="none" ShowAsToggle="" BadgeText="N" AutoHeight="N" IconRequired="N" SystemClass="N" ButtonHeight="0" ShowEyeIcon="N" PreviousCount="0" />
<Control Name="LVWEMPLOYEENOLISTVIEW" RenderAs="LISTVIEW" ControlCaption="Employee No List View" SectionName="HEADERSECTION" PageName="[MAINSCREEN]" ILBOName="LISTVIEWUI" ActivityName="LISTVIEWACT" ComponentName="TestComponent" ControlType="LISTVIEWTEST" BaseControlType="LISTVIEW" DataType="CHAR" DataLength="60" DecimalLength="0" BTSynonym="EMPLOYEENOLISTVIEW" VisibleLength="25" ProtoTooltip="" SampleData="" DefaultSampleData="" HOrder="002" VOrder="002" Mandatory="N" Visible="Y" Editable="N" CaptionRequired="N" SelectFlag="N" DeleteFlag="N" ZoomRequired="N" HelpRequired="N" EllipsesRequired="N" AssociatedTask="" DataColumnWidth="0" LabelColumnWidth="0" DataColumnScaleMode="%" LabelColumnScaleMode="%" CaptionWrap="N" CaptionAlignment="LEFT" CaptionPosition="LEFT" ControlPosition="LEFT" LabelClass="" ControlClass="" PasswordChar="N" TaskImageClass="" HelpImageClass="" Documentation="" OrderSequence="1" VisibleRows="0" HTMLTextArea="N" SpinRequired="N" SpinUpImage="" SpinDownImage="" AssociatedSpinControl="" AssociatedSpinTask="" HelpText="Employee Name - Datatype : CHAR - MaxLength : 60" SpellCheckRequired="N" ReportRequired="n" ModelSectionName="HEADERSECTION" UserFormat="Yes" InPlaceCalendar="n" InCalDisplay="n" TabIndex="" AccessKey="" GridLite="N" NoofLinesPerRow="" RowHeight="" Vscrollbar_Req="N" BulletLink="N" ButtonCombo="N" DataAsCaption="N" AssociatedList="" OnFocusTask="" ListRefillTask="" MappedListControlID="" MappedListViewName="" AttachDocument="N" ImageUpload="N" InplaceImage="N" ImageIcon="N" ImageType="N" ImageRowHeight="0" RelativeUrlPath="" RelativeDocumentPath="" RelativeImagePath="" SaveDocContentToDb="N" SaveImageContentToDb="N" DateHighlight="N" LinkedHiddenViewName="" IsITK="N"  FC="0" LiteAttach="N" Browse_Button="N" Delete_Button="N" image_row_width="0" image_preview_height="0" image_preview_width="0" image_preview_req="N" Accept_Type="" Lite_Attach_Image="N" TimeZone="N" ApplyVisibleLength="N" EditCombo="N" AutoExpand="N" LabelLink="N" AlignBtnH="0" AlignBtnV="0" CaptionType="Text" ControlStyle="Default" ControlImage="" IsListBox="" Toolbar_Not_Req="N" ColumnBorder_Not_Req="N" RowBorder_Not_Req="N" PageNavigation_Only="N" RowNo_Not_Req="N" NoRowDisplay="N" ColSpan="0" RowSpan="0" Tooltip_Not_Req="N" GridHeader_Not_Req="N" Border_Not_Req="N" IsModal="N" Alternate_Color_Req="N" Map_In_Req="N" Map_Out_Req="N" IsCallout="N" IsSmartView="N" IsSideDrawer="N" FileSize="" IsDeviceInfo="N" DataGrid="N" Email="N" TemplateID="" Phone="N" ListControl="N" ColHdrAlign="" Gridheaderstyle="" Gridtoolbarstyle="" preevent="" postevent="" AvnFileDownload="" StaticCaption="N" IsPivot="" TemplateCategory="" TemplateSpecification="" ControlClassExt6="" SetScrollPosition="" Orientation="" IconPosition="" SetFocusEvent="" LeaveFocusEvent="" SetFocusEventOccurence="" LeaveFocusEventOccurence="" MoreEvent="" UPEEnabled="" IsMobile="N" PaginationRequired="N" AssociatedUpdateTask="" AssociatedDeleteTask="" IsFilter="N" RowAlwaysExpanded="N" ResponsiveCol="none" ShowAsToggle="" BadgeText="N" AutoHeight="N" IconRequired="N" SystemClass="N" ButtonHeight="0" ShowEyeIcon="N" PreviousCount="0" />
<Control Name="MLGRIDDETAILS" RenderAs="GRID" ControlCaption="Grid Details" SectionName="GRIDSECTION" PageName="[MAINSCREEN]" ILBOName="LISTVIEWUI" ActivityName="LISTVIEWACT" ComponentName="TestComponent" ControlType="GRID12SID" BaseControlType="GRID" DataType="CHAR" DataLength="25" DecimalLength="0" BTSynonym="GRIDDETAILS" VisibleLength="25" ProtoTooltip="" SampleData="" DefaultSampleData="" HOrder="001" VOrder="001" Mandatory="N" Visible="Y" Editable="Y" CaptionRequired="N" SelectFlag="Y" DeleteFlag="N" ZoomRequired="N" HelpRequired="N" EllipsesRequired="N" AssociatedTask="" DataColumnWidth="0" LabelColumnWidth="0" DataColumnScaleMode="%" LabelColumnScaleMode="%" CaptionWrap="N" CaptionAlignment="LEFT" CaptionPosition="LEFT" ControlPosition="LEFT" LabelClass="" ControlClass="" PasswordChar="N" TaskImageClass="" HelpImageClass="" Documentation="" OrderSequence="1" VisibleRows="12" HTMLTextArea="N" SpinRequired="N" SpinUpImage="" SpinDownImage="" AssociatedSpinControl="" AssociatedSpinTask="" HelpText="Employee Name - Datatype : CHAR - MaxLength : 60" SpellCheckRequired="N" ReportRequired="N" ModelSectionName="GRIDSECTION" UserFormat="Yes" InPlaceCalendar="n" InCalDisplay="n" TabIndex="3" AccessKey="" GridLite="N" NoofLinesPerRow="" RowHeight="" Vscrollbar_Req="N" BulletLink="N" ButtonCombo="N" DataAsCaption="N" AssociatedList="" OnFocusTask="" ListRefillTask="" MappedListControlID="" MappedListViewName="" AttachDocument="N" ImageUpload="N" InplaceImage="N" ImageIcon="N" ImageType="N" ImageRowHeight="0" RelativeUrlPath="" RelativeDocumentPath="" RelativeImagePath="" SaveDocContentToDb="N" SaveImageContentToDb="N" DateHighlight="N" LinkedHiddenViewName="" IsITK="N"  FC="0" LiteAttach="N" Browse_Button="N" Delete_Button="N" image_row_width="0" image_preview_height="0" image_preview_width="0" image_preview_req="N" Accept_Type="" Lite_Attach_Image="N" TimeZone="N" ApplyVisibleLength="N" EditCombo="N" AutoExpand="N" LabelLink="N" AlignBtnH="0" AlignBtnV="0" CaptionType="Text" ControlStyle="Default" ControlImage="" IsListBox="" Toolbar_Not_Req="N" ColumnBorder_Not_Req="N" RowBorder_Not_Req="N" PageNavigation_Only="N" RowNo_Not_Req="N" NoRowDisplay="N" ColSpan="0" RowSpan="0" Tooltip_Not_Req="N" GridHeader_Not_Req="N" Border_Not_Req="N" IsModal="N" Alternate_Color_Req="N" Map_In_Req="N" Map_Out_Req="N" IsCallout="N" IsSmartView="N" IsSideDrawer="N" FileSize="" IsDeviceInfo="N" DataGrid="N" Email="N" TemplateID="" Phone="N" ListControl="N" ColHdrAlign="" Gridheaderstyle="" Gridtoolbarstyle="" preevent="" postevent="" AvnFileDownload="" StaticCaption="N" IsPivot="" TemplateCategory="" TemplateSpecification="" ControlClassExt6="" SetScrollPosition="" Orientation="" IconPosition="" SetFocusEvent="" LeaveFocusEvent="" SetFocusEventOccurence="" LeaveFocusEventOccurence="" MoreEvent="" UPEEnabled="" IsMobile="N" PaginationRequired="N" AssociatedUpdateTask="" AssociatedDeleteTask="" IsFilter="N" RowAlwaysExpanded="N" ResponsiveCol="none" ShowAsToggle="" BadgeText="N" AutoHeight="N" IconRequired="N" SystemClass="N" ButtonHeight="0" ShowEyeIcon="N" PreviousCount="0" />
<Control Name="BTNSAVE" RenderAs="BUTTON" ControlCaption="Save" SectionName="BUTTONSECTION" PageName="[MAINSCREEN]" ILBOName="LISTVIEWUI" ActivityName="LISTVIEWACT" ComponentName="TestComponent" ControlType="BUTTON" BaseControlType="BUTTON" DataType="CHAR" DataLength="10" DecimalLength="0" BTSynonym="SAVE" VisibleLength="25" ProtoTooltip="" SampleData="" DefaultSampleData="" HOrder="001" VOrder="001" Mandatory="N" Visible="Y" Editable="N" CaptionRequired="N" SelectFlag="N" DeleteFlag="N" ZoomRequired="N" HelpRequired="N" EllipsesRequired="N" AssociatedTask="TCMAINS5SAVE1TR" DataColumnWidth="0" LabelColumnWidth="0" DataColumnScaleMode="%" LabelColumnScaleMode="%" CaptionWrap="N" CaptionAlignment="CENTER" CaptionPosition="CENTER" ControlPosition="LEFT" LabelClass="" ControlClass="" PasswordChar="N" TaskImageClass="" HelpImageClass="" Documentation="" OrderSequence="1" VisibleRows="0" HTMLTextArea="N" SpinRequired="N" SpinUpImage="" SpinDownImage="" AssociatedSpinControl="" AssociatedSpinTask="" HelpText="Employee Name - Datatype : CHAR - MaxLength : 60" SpellCheckRequired="N" ReportRequired="N" ModelSectionName="BUTTONSECTION" UserFormat="Yes" InPlaceCalendar="n" InCalDisplay="n" TabIndex="4" AccessKey="" GridLite="N" NoofLinesPerRow="" RowHeight="" Vscrollbar_Req="N" BulletLink="N" ButtonCombo="N" DataAsCaption="N" AssociatedList="" OnFocusTask="" ListRefillTask="" MappedListControlID="" MappedListViewName="" AttachDocument="N" ImageUpload="N" InplaceImage="N" ImageIcon="N" ImageType="N" ImageRowHeight="0" RelativeUrlPath="" RelativeDocumentPath="" RelativeImagePath="" SaveDocContentToDb="N" SaveImageContentToDb="N" DateHighlight="N" LinkedHiddenViewName="" IsITK="N"  FC="0" LiteAttach="N" Browse_Button="N" Delete_Button="N" image_row_width="0" image_preview_height="0" image_preview_width="0" image_preview_req="N" Accept_Type="" Lite_Attach_Image="N" TimeZone="N" ApplyVisibleLength="N" EditCombo="N" AutoExpand="N" LabelLink="N" AlignBtnH="1" AlignBtnV="1" CaptionType="Text" ControlStyle="Default" ControlImage="" IsListBox="" Toolbar_Not_Req="N" ColumnBorder_Not_Req="N" RowBorder_Not_Req="N" PageNavigation_Only="N" RowNo_Not_Req="N" NoRowDisplay="N" ColSpan="0" RowSpan="0" Tooltip_Not_Req="N" GridHeader_Not_Req="N" Border_Not_Req="N" IsModal="N" Alternate_Color_Req="N" Map_In_Req="N" Map_Out_Req="N" IsCallout="N" IsSmartView="N" IsSideDrawer="N" FileSize="" IsDeviceInfo="N" DataGrid="N" Email="N" TemplateID="" Phone="N" ListControl="N" ColHdrAlign="" Gridheaderstyle="" Gridtoolbarstyle="" preevent="" postevent="" AvnFileDownload="" StaticCaption="N" IsPivot="" TemplateCategory="" TemplateSpecification="" ControlClassExt6="" SetScrollPosition="" Orientation="" IconPosition="" IconClass="" SetFocusEvent="" LeaveFocusEvent="" SetFocusEventOccurence="" LeaveFocusEventOccurence="" MoreEvent="" UPEEnabled="" IsMobile="N" PaginationRequired="N" AssociatedUpdateTask="" AssociatedDeleteTask="" IsFilter="N" RowAlwaysExpanded="N" ResponsiveCol="none" ShowAsToggle="" BadgeText="N" AutoHeight="N" IconRequired="N" SystemClass="N" ButtonHeight="0" ShowEyeIcon="N" PreviousCount="0" />
<Control Name="HDNDEFHDN1" RenderAs="EDIT" ControlCaption="Defhdn1" SectionName="PRJHDNSECTION" PageName="[MAINSCREEN]" ILBOName="LISTVIEWUI" ActivityName="LISTVIEWACT" ComponentName="TestComponent" ControlType="HIDDENEDIT" BaseControlType="EDIT" BTSynonym="DEFHDN1" DataType="CHAR" DataLength="60" DecimalLength="0" VisibleLength="0" ProtoTooltip="" DefaultSampleData="" SampleData="" HOrder="001" VOrder="001" Mandatory="N" Visible="N" Editable="N" CaptionRequired="N" ControlPosition="LEFT" LabelClass="" ControlClass="" SelectFlag="N" DeleteFlag="N" ZoomRequired="N" HelpRequired="N" EllipsesRequired="N" AssociatedTask="" DataColumnWidth="0" LabelColumnWidth="0" DataColumnScaleMode="" LabelColumnScaleMode="" CaptionWrap="N" CaptionAlignment="LEFT" CaptionPosition="LEFT" PasswordChar="N" TaskImageClass="" HelpImageClass="" Documentation="Defhdn1" OrderSequence="1" VisibleRows="0" HTMLTextArea="N" SpinRequired="N" SpinUpImage="../Themes/RSGlobalStyles/images/" SpinDownImage="../Themes/RSGlobalStyles/images/" AssociatedSpinControl="" AssociatedSpinTask="" HelpText="Defhdn1 - Datatype : CHAR - MaxLength : 60" ReportRequired="N" ModelSectionName="PRJHDNSECTION" UserFormat="YES" InPlaceCalendar="n" InCalDisplay="n" TabIndex="" AccessKey="" GridLite="N" NoofLinesPerRow="" RowHeight="" Vscrollbar_Req="N" BulletLink="N" ButtonCombo="N" DataAsCaption="N" AssociatedList="" OnFocusTask="" ListRefillTask="" MappedListControlID="" MappedListViewName="" AttachDocument="N" ImageUpload="N" InplaceImage="N" ImageIcon="N" ImageType="N" ImageRowHeight="0" RelativeUrlPath="" RelativeDocumentPath="" RelativeImagePath="" SaveDocContentToDb="N" SaveImageContentToDb="N" DateHighlight="N" LinkedHiddenViewName="" IsITK="N"  FC="0" LiteAttach="N" Browse_Button="N" Delete_Button="N" image_row_width="0" image_preview_height="0" image_preview_width="0" image_preview_req="N" Accept_Type="" Lite_Attach_Image="N" TimeZone="N" ApplyVisibleLength="N" EditCombo="N" AutoExpand="N" LabelLink="N" AlignBtnH="1" AlignBtnV="1" CaptionType="Text" ControlStyle="Default" ControlImage="" IsListBox="" Toolbar_Not_Req="N" ColumnBorder_Not_Req="N" RowBorder_Not_Req="N" PageNavigation_Only="N" RowNo_Not_Req="N" NoRowDisplay="N" ExtType="N" ColSpan="0" RowSpan="0" Tooltip_Not_Req="N" GridHeader_Not_Req="N" Border_Not_Req="N" IsModal="N" Alternate_Color_Req="N" Map_In_Req="N" Map_Out_Req="N" IsCallout="N" IsSmartView="N" IsSideDrawer="N" SetScrollPosition="" FileSize="" IsMobile="N" PaginationRequired="N" AssociatedUpdateTask="" AssociatedDeleteTask="" TemplateID=""/>
<Control Name="HDNDEFHDN2" RenderAs="EDIT" ControlCaption="Defhdn2" SectionName="PRJHDNSECTION" PageName="[MAINSCREEN]" ILBOName="LISTVIEWUI" ActivityName="LISTVIEWACT" ComponentName="TestComponent" ControlType="HIDDENEDIT" BaseControlType="EDIT" BTSynonym="DEFHDN2" DataType="CHAR" DataLength="60" DecimalLength="0" VisibleLength="0" ProtoTooltip="" DefaultSampleData="" SampleData="" HOrder="001" VOrder="002" Mandatory="N" Visible="N" Editable="N" CaptionRequired="N" ControlPosition="LEFT" LabelClass="" ControlClass="" SelectFlag="N" DeleteFlag="N" ZoomRequired="N" HelpRequired="N" EllipsesRequired="N" AssociatedTask="" DataColumnWidth="0" LabelColumnWidth="0" DataColumnScaleMode="" LabelColumnScaleMode="" CaptionWrap="N" CaptionAlignment="LEFT" CaptionPosition="LEFT" PasswordChar="N" TaskImageClass="" HelpImageClass="" Documentation="Defhdn2" OrderSequence="1" VisibleRows="0" HTMLTextArea="N" SpinRequired="N" SpinUpImage="../Themes/RSGlobalStyles/images/" SpinDownImage="../Themes/RSGlobalStyles/images/" AssociatedSpinControl="" AssociatedSpinTask="" HelpText="Defhdn2 - Datatype : CHAR - MaxLength : 60" ReportRequired="N" ModelSectionName="PRJHDNSECTION" UserFormat="YES" InPlaceCalendar="n" InCalDisplay="n" TabIndex="" AccessKey="" GridLite="N" NoofLinesPerRow="" RowHeight="" Vscrollbar_Req="N" BulletLink="N" ButtonCombo="N" DataAsCaption="N" AssociatedList="" OnFocusTask="" ListRefillTask="" MappedListControlID="" MappedListViewName="" AttachDocument="N" ImageUpload="N" InplaceImage="N" ImageIcon="N" ImageType="N" ImageRowHeight="0" RelativeUrlPath="" RelativeDocumentPath="" RelativeImagePath="" SaveDocContentToDb="N" SaveImageContentToDb="N" DateHighlight="N" LinkedHiddenViewName="" IsITK="N"  FC="0" LiteAttach="N" Browse_Button="N" Delete_Button="N" image_row_width="0" image_preview_height="0" image_preview_width="0" image_preview_req="N" Accept_Type="" Lite_Attach_Image="N" TimeZone="N" ApplyVisibleLength="N" EditCombo="N" AutoExpand="N" LabelLink="N" AlignBtnH="1" AlignBtnV="1" CaptionType="Text" ControlStyle="Default" ControlImage="" IsListBox="" Toolbar_Not_Req="N" ColumnBorder_Not_Req="N" RowBorder_Not_Req="N" PageNavigation_Only="N" RowNo_Not_Req="N" NoRowDisplay="N" ExtType="N" ColSpan="0" RowSpan="0" Tooltip_Not_Req="N" GridHeader_Not_Req="N" Border_Not_Req="N" IsModal="N" Alternate_Color_Req="N" Map_In_Req="N" Map_Out_Req="N" IsCallout="N" IsSmartView="N" IsSideDrawer="N" SetScrollPosition="" FileSize="" IsMobile="N" PaginationRequired="N" AssociatedUpdateTask="" AssociatedDeleteTask="" TemplateID=""/>
<Control Name="HDNDEFHDN3" RenderAs="EDIT" ControlCaption="Defhdn3" SectionName="PRJHDNSECTION" PageName="[MAINSCREEN]" ILBOName="LISTVIEWUI" ActivityName="LISTVIEWACT" ComponentName="TestComponent" ControlType="HIDDENEDIT" BaseControlType="EDIT" BTSynonym="DEFHDN3" DataType="CHAR" DataLength="60" DecimalLength="0" VisibleLength="0" ProtoTooltip="" DefaultSampleData="" SampleData="" HOrder="001" VOrder="003" Mandatory="N" Visible="N" Editable="N" CaptionRequired="N" ControlPosition="LEFT" LabelClass="" ControlClass="" SelectFlag="N" DeleteFlag="N" ZoomRequired="N" HelpRequired="N" EllipsesRequired="N" AssociatedTask="" DataColumnWidth="0" LabelColumnWidth="0" DataColumnScaleMode="" LabelColumnScaleMode="" CaptionWrap="N" CaptionAlignment="LEFT" CaptionPosition="LEFT" PasswordChar="N" TaskImageClass="" HelpImageClass="" Documentation="Defhdn3" OrderSequence="1" VisibleRows="0" HTMLTextArea="N" SpinRequired="N" SpinUpImage="../Themes/RSGlobalStyles/images/" SpinDownImage="../Themes/RSGlobalStyles/images/" AssociatedSpinControl="" AssociatedSpinTask="" HelpText="Defhdn3 - Datatype : CHAR - MaxLength : 60" ReportRequired="N" ModelSectionName="PRJHDNSECTION" UserFormat="YES" InPlaceCalendar="n" InCalDisplay="n" TabIndex="" AccessKey="" GridLite="N" NoofLinesPerRow="" RowHeight="" Vscrollbar_Req="N" BulletLink="N" ButtonCombo="N" DataAsCaption="N" AssociatedList="" OnFocusTask="" ListRefillTask="" MappedListControlID="" MappedListViewName="" AttachDocument="N" ImageUpload="N" InplaceImage="N" ImageIcon="N" ImageType="N" ImageRowHeight="0" RelativeUrlPath="" RelativeDocumentPath="" RelativeImagePath="" SaveDocContentToDb="N" SaveImageContentToDb="N" DateHighlight="N" LinkedHiddenViewName="" IsITK="N"  FC="0" LiteAttach="N" Browse_Button="N" Delete_Button="N" image_row_width="0" image_preview_height="0" image_preview_width="0" image_preview_req="N" Accept_Type="" Lite_Attach_Image="N" TimeZone="N" ApplyVisibleLength="N" EditCombo="N" AutoExpand="N" LabelLink="N" AlignBtnH="1" AlignBtnV="1" CaptionType="Text" ControlStyle="Default" ControlImage="" IsListBox="" Toolbar_Not_Req="N" ColumnBorder_Not_Req="N" RowBorder_Not_Req="N" PageNavigation_Only="N" RowNo_Not_Req="N" NoRowDisplay="N" ExtType="N" ColSpan="0" RowSpan="0" Tooltip_Not_Req="N" GridHeader_Not_Req="N" Border_Not_Req="N" IsModal="N" Alternate_Color_Req="N" Map_In_Req="N" Map_Out_Req="N" IsCallout="N" IsSmartView="N" IsSideDrawer="N" SetScrollPosition="" FileSize="" IsMobile="N" PaginationRequired="N" AssociatedUpdateTask="" AssociatedDeleteTask="" TemplateID=""/>
<Control Name="HDNDEFHDN4" RenderAs="EDIT" ControlCaption="Defhdn4" SectionName="PRJHDNSECTION" PageName="[MAINSCREEN]" ILBOName="LISTVIEWUI" ActivityName="LISTVIEWACT" ComponentName="TestComponent" ControlType="HIDDENEDIT" BaseControlType="EDIT" BTSynonym="DEFHDN4" DataType="CHAR" DataLength="60" DecimalLength="0" VisibleLength="0" ProtoTooltip="" DefaultSampleData="" SampleData="" HOrder="001" VOrder="004" Mandatory="N" Visible="N" Editable="N" CaptionRequired="N" ControlPosition="LEFT" LabelClass="" ControlClass="" SelectFlag="N" DeleteFlag="N" ZoomRequired="N" HelpRequired="N" EllipsesRequired="N" AssociatedTask="" DataColumnWidth="0" LabelColumnWidth="0" DataColumnScaleMode="" LabelColumnScaleMode="" CaptionWrap="N" CaptionAlignment="LEFT" CaptionPosition="LEFT" PasswordChar="N" TaskImageClass="" HelpImageClass="" Documentation="Defhdn4" OrderSequence="1" VisibleRows="0" HTMLTextArea="N" SpinRequired="N" SpinUpImage="../Themes/RSGlobalStyles/images/" SpinDownImage="../Themes/RSGlobalStyles/images/" AssociatedSpinControl="" AssociatedSpinTask="" HelpText="Defhdn4 - Datatype : CHAR - MaxLength : 60" ReportRequired="N" ModelSectionName="PRJHDNSECTION" UserFormat="YES" InPlaceCalendar="n" InCalDisplay="n" TabIndex="" AccessKey="" GridLite="N" NoofLinesPerRow="" RowHeight="" Vscrollbar_Req="N" BulletLink="N" ButtonCombo="N" DataAsCaption="N" AssociatedList="" OnFocusTask="" ListRefillTask="" MappedListControlID="" MappedListViewName="" AttachDocument="N" ImageUpload="N" InplaceImage="N" ImageIcon="N" ImageType="N" ImageRowHeight="0" RelativeUrlPath="" RelativeDocumentPath="" RelativeImagePath="" SaveDocContentToDb="N" SaveImageContentToDb="N" DateHighlight="N" LinkedHiddenViewName="" IsITK="N"  FC="0" LiteAttach="N" Browse_Button="N" Delete_Button="N" image_row_width="0" image_preview_height="0" image_preview_width="0" image_preview_req="N" Accept_Type="" Lite_Attach_Image="N" TimeZone="N" ApplyVisibleLength="N" EditCombo="N" AutoExpand="N" LabelLink="N" AlignBtnH="1" AlignBtnV="1" CaptionType="Text" ControlStyle="Default" ControlImage="" IsListBox="" Toolbar_Not_Req="N" ColumnBorder_Not_Req="N" RowBorder_Not_Req="N" PageNavigation_Only="N" RowNo_Not_Req="N" NoRowDisplay="N" ExtType="N" ColSpan="0" RowSpan="0" Tooltip_Not_Req="N" GridHeader_Not_Req="N" Border_Not_Req="N" IsModal="N" Alternate_Color_Req="N" Map_In_Req="N" Map_Out_Req="N" IsCallout="N" IsSmartView="N" IsSideDrawer="N" SetScrollPosition="" FileSize="" IsMobile="N" PaginationRequired="N" AssociatedUpdateTask="" AssociatedDeleteTask="" TemplateID=""/>
<Control Name="HDNDEFHDN5" RenderAs="EDIT" ControlCaption="Defhdn5" SectionName="PRJHDNSECTION" PageName="[MAINSCREEN]" ILBOName="LISTVIEWUI" ActivityName="LISTVIEWACT" ComponentName="TestComponent" ControlType="HIDDENEDIT" BaseControlType="EDIT" BTSynonym="DEFHDN5" DataType="CHAR" DataLength="60" DecimalLength="0" VisibleLength="0" ProtoTooltip="" DefaultSampleData="" SampleData="" HOrder="001" VOrder="005" Mandatory="N" Visible="N" Editable="N" CaptionRequired="N" ControlPosition="LEFT" LabelClass="" ControlClass="" SelectFlag="N" DeleteFlag="N" ZoomRequired="N" HelpRequired="N" EllipsesRequired="N" AssociatedTask="" DataColumnWidth="0" LabelColumnWidth="0" DataColumnScaleMode="" LabelColumnScaleMode="" CaptionWrap="N" CaptionAlignment="LEFT" CaptionPosition="LEFT" PasswordChar="N" TaskImageClass="" HelpImageClass="" Documentation="Defhdn5" OrderSequence="1" VisibleRows="0" HTMLTextArea="N" SpinRequired="N" SpinUpImage="../Themes/RSGlobalStyles/images/" SpinDownImage="../Themes/RSGlobalStyles/images/" AssociatedSpinControl="" AssociatedSpinTask="" HelpText="Defhdn5 - Datatype : CHAR - MaxLength : 60" ReportRequired="N" ModelSectionName="PRJHDNSECTION" UserFormat="YES" InPlaceCalendar="n" InCalDisplay="n" TabIndex="" AccessKey="" GridLite="N" NoofLinesPerRow="" RowHeight="" Vscrollbar_Req="N" BulletLink="N" ButtonCombo="N" DataAsCaption="N" AssociatedList="" OnFocusTask="" ListRefillTask="" MappedListControlID="" MappedListViewName="" AttachDocument="N" ImageUpload="N" InplaceImage="N" ImageIcon="N" ImageType="N" ImageRowHeight="0" RelativeUrlPath="" RelativeDocumentPath="" RelativeImagePath="" SaveDocContentToDb="N" SaveImageContentToDb="N" DateHighlight="N" LinkedHiddenViewName="" IsITK="N"  FC="0" LiteAttach="N" Browse_Button="N" Delete_Button="N" image_row_width="0" image_preview_height="0" image_preview_width="0" image_preview_req="N" Accept_Type="" Lite_Attach_Image="N" TimeZone="N" ApplyVisibleLength="N" EditCombo="N" AutoExpand="N" LabelLink="N" AlignBtnH="1" AlignBtnV="1" CaptionType="Text" ControlStyle="Default" ControlImage="" IsListBox="" Toolbar_Not_Req="N" ColumnBorder_Not_Req="N" RowBorder_Not_Req="N" PageNavigation_Only="N" RowNo_Not_Req="N" NoRowDisplay="N" ExtType="N" ColSpan="0" RowSpan="0" Tooltip_Not_Req="N" GridHeader_Not_Req="N" Border_Not_Req="N" IsModal="N" Alternate_Color_Req="N" Map_In_Req="N" Map_Out_Req="N" IsCallout="N" IsSmartView="N" IsSideDrawer="N" SetScrollPosition="" FileSize="" IsMobile="N" PaginationRequired="N" AssociatedUpdateTask="" AssociatedDeleteTask="" TemplateID=""/>
<Control Name="HDNDEFHDN6" RenderAs="EDIT" ControlCaption="Defhdn6" SectionName="PRJHDNSECTION" PageName="[MAINSCREEN]" ILBOName="LISTVIEWUI" ActivityName="LISTVIEWACT" ComponentName="TestComponent" ControlType="HIDDENEDIT" BaseControlType="EDIT" BTSynonym="DEFHDN6" DataType="CHAR" DataLength="60" DecimalLength="0" VisibleLength="0" ProtoTooltip="" DefaultSampleData="" SampleData="" HOrder="001" VOrder="006" Mandatory="N" Visible="N" Editable="N" CaptionRequired="N" ControlPosition="LEFT" LabelClass="" ControlClass="" SelectFlag="N" DeleteFlag="N" ZoomRequired="N" HelpRequired="N" EllipsesRequired="N" AssociatedTask="" DataColumnWidth="0" LabelColumnWidth="0" DataColumnScaleMode="" LabelColumnScaleMode="" CaptionWrap="N" CaptionAlignment="LEFT" CaptionPosition="LEFT" PasswordChar="N" TaskImageClass="" HelpImageClass="" Documentation="Defhdn6" OrderSequence="1" VisibleRows="0" HTMLTextArea="N" SpinRequired="N" SpinUpImage="../Themes/RSGlobalStyles/images/" SpinDownImage="../Themes/RSGlobalStyles/images/" AssociatedSpinControl="" AssociatedSpinTask="" HelpText="Defhdn6 - Datatype : CHAR - MaxLength : 60" ReportRequired="N" ModelSectionName="PRJHDNSECTION" UserFormat="YES" InPlaceCalendar="n" InCalDisplay="n" TabIndex="" AccessKey="" GridLite="N" NoofLinesPerRow="" RowHeight="" Vscrollbar_Req="N" BulletLink="N" ButtonCombo="N" DataAsCaption="N" AssociatedList="" OnFocusTask="" ListRefillTask="" MappedListControlID="" MappedListViewName="" AttachDocument="N" ImageUpload="N" InplaceImage="N" ImageIcon="N" ImageType="N" ImageRowHeight="0" RelativeUrlPath="" RelativeDocumentPath="" RelativeImagePath="" SaveDocContentToDb="N" SaveImageContentToDb="N" DateHighlight="N" LinkedHiddenViewName="" IsITK="N"  FC="0" LiteAttach="N" Browse_Button="N" Delete_Button="N" image_row_width="0" image_preview_height="0" image_preview_width="0" image_preview_req="N" Accept_Type="" Lite_Attach_Image="N" TimeZone="N" ApplyVisibleLength="N" EditCombo="N" AutoExpand="N" LabelLink="N" AlignBtnH="1" AlignBtnV="1" CaptionType="Text" ControlStyle="Default" ControlImage="" IsListBox="" Toolbar_Not_Req="N" ColumnBorder_Not_Req="N" RowBorder_Not_Req="N" PageNavigation_Only="N" RowNo_Not_Req="N" NoRowDisplay="N" ExtType="N" ColSpan="0" RowSpan="0" Tooltip_Not_Req="N" GridHeader_Not_Req="N" Border_Not_Req="N" IsModal="N" Alternate_Color_Req="N" Map_In_Req="N" Map_Out_Req="N" IsCallout="N" IsSmartView="N" IsSideDrawer="N" SetScrollPosition="" FileSize="" IsMobile="N" PaginationRequired="N" AssociatedUpdateTask="" AssociatedDeleteTask="" TemplateID=""/>
<Control Name="HDNDEFHDN7" RenderAs="EDIT" ControlCaption="Defhdn7" SectionName="PRJHDNSECTION" PageName="[MAINSCREEN]" ILBOName="LISTVIEWUI" ActivityName="LISTVIEWACT" ComponentName="TestComponent" ControlType="HIDDENEDIT" BaseControlType="EDIT" BTSynonym="DEFHDN7" DataType="CHAR" DataLength="60" DecimalLength="0" VisibleLength="0" ProtoTooltip="" DefaultSampleData="" SampleData="" HOrder="002" VOrder="001" Mandatory="N" Visible="N" Editable="N" CaptionRequired="N" ControlPosition="LEFT" LabelClass="" ControlClass="" SelectFlag="N" DeleteFlag="N" ZoomRequired="N" HelpRequired="N" EllipsesRequired="N" AssociatedTask="" DataColumnWidth="0" LabelColumnWidth="0" DataColumnScaleMode="" LabelColumnScaleMode="" CaptionWrap="N" CaptionAlignment="LEFT" CaptionPosition="LEFT" PasswordChar="N" TaskImageClass="" HelpImageClass="" Documentation="Defhdn7" OrderSequence="1" VisibleRows="0" HTMLTextArea="N" SpinRequired="N" SpinUpImage="../Themes/RSGlobalStyles/images/" SpinDownImage="../Themes/RSGlobalStyles/images/" AssociatedSpinControl="" AssociatedSpinTask="" HelpText="Defhdn7 - Datatype : CHAR - MaxLength : 60" ReportRequired="N" ModelSectionName="PRJHDNSECTION" UserFormat="YES" InPlaceCalendar="n" InCalDisplay="n" TabIndex="" AccessKey="" GridLite="N" NoofLinesPerRow="" RowHeight="" Vscrollbar_Req="N" BulletLink="N" ButtonCombo="N" DataAsCaption="N" AssociatedList="" OnFocusTask="" ListRefillTask="" MappedListControlID="" MappedListViewName="" AttachDocument="N" ImageUpload="N" InplaceImage="N" ImageIcon="N" ImageType="N" ImageRowHeight="0" RelativeUrlPath="" RelativeDocumentPath="" RelativeImagePath="" SaveDocContentToDb="N" SaveImageContentToDb="N" DateHighlight="N" LinkedHiddenViewName="" IsITK="N"  FC="0" LiteAttach="N" Browse_Button="N" Delete_Button="N" image_row_width="0" image_preview_height="0" image_preview_width="0" image_preview_req="N" Accept_Type="" Lite_Attach_Image="N" TimeZone="N" ApplyVisibleLength="N" EditCombo="N" AutoExpand="N" LabelLink="N" AlignBtnH="1" AlignBtnV="1" CaptionType="Text" ControlStyle="Default" ControlImage="" IsListBox="" Toolbar_Not_Req="N" ColumnBorder_Not_Req="N" RowBorder_Not_Req="N" PageNavigation_Only="N" RowNo_Not_Req="N" NoRowDisplay="N" ExtType="N" ColSpan="0" RowSpan="0" Tooltip_Not_Req="N" GridHeader_Not_Req="N" Border_Not_Req="N" IsModal="N" Alternate_Color_Req="N" Map_In_Req="N" Map_Out_Req="N" IsCallout="N" IsSmartView="N" IsSideDrawer="N" SetScrollPosition="" FileSize="" IsMobile="N" PaginationRequired="N" AssociatedUpdateTask="" AssociatedDeleteTask="" TemplateID=""/>
<Control Name="HDNDEFHDN8" RenderAs="EDIT" ControlCaption="Defhdn8" SectionName="PRJHDNSECTION" PageName="[MAINSCREEN]" ILBOName="LISTVIEWUI" ActivityName="LISTVIEWACT" ComponentName="TestComponent" ControlType="HIDDENEDIT" BaseControlType="EDIT" BTSynonym="DEFHDN8" DataType="CHAR" DataLength="60" DecimalLength="0" VisibleLength="0" ProtoTooltip="" DefaultSampleData="" SampleData="" HOrder="002" VOrder="002" Mandatory="N" Visible="N" Editable="N" CaptionRequired="N" ControlPosition="LEFT" LabelClass="" ControlClass="" SelectFlag="N" DeleteFlag="N" ZoomRequired="N" HelpRequired="N" EllipsesRequired="N" AssociatedTask="" DataColumnWidth="0" LabelColumnWidth="0" DataColumnScaleMode="" LabelColumnScaleMode="" CaptionWrap="N" CaptionAlignment="LEFT" CaptionPosition="LEFT" PasswordChar="N" TaskImageClass="" HelpImageClass="" Documentation="Defhdn8" OrderSequence="1" VisibleRows="0" HTMLTextArea="N" SpinRequired="N" SpinUpImage="../Themes/RSGlobalStyles/images/" SpinDownImage="../Themes/RSGlobalStyles/images/" AssociatedSpinControl="" AssociatedSpinTask="" HelpText="Defhdn8 - Datatype : CHAR - MaxLength : 60" ReportRequired="N" ModelSectionName="PRJHDNSECTION" UserFormat="YES" InPlaceCalendar="n" InCalDisplay="n" TabIndex="" AccessKey="" GridLite="N" NoofLinesPerRow="" RowHeight="" Vscrollbar_Req="N" BulletLink="N" ButtonCombo="N" DataAsCaption="N" AssociatedList="" OnFocusTask="" ListRefillTask="" MappedListControlID="" MappedListViewName="" AttachDocument="N" ImageUpload="N" InplaceImage="N" ImageIcon="N" ImageType="N" ImageRowHeight="0" RelativeUrlPath="" RelativeDocumentPath="" RelativeImagePath="" SaveDocContentToDb="N" SaveImageContentToDb="N" DateHighlight="N" LinkedHiddenViewName="" IsITK="N"  FC="0" LiteAttach="N" Browse_Button="N" Delete_Button="N" image_row_width="0" image_preview_height="0" image_preview_width="0" image_preview_req="N" Accept_Type="" Lite_Attach_Image="N" TimeZone="N" ApplyVisibleLength="N" EditCombo="N" AutoExpand="N" LabelLink="N" AlignBtnH="1" AlignBtnV="1" CaptionType="Text" ControlStyle="Default" ControlImage="" IsListBox="" Toolbar_Not_Req="N" ColumnBorder_Not_Req="N" RowBorder_Not_Req="N" PageNavigation_Only="N" RowNo_Not_Req="N" NoRowDisplay="N" ExtType="N" ColSpan="0" RowSpan="0" Tooltip_Not_Req="N" GridHeader_Not_Req="N" Border_Not_Req="N" IsModal="N" Alternate_Color_Req="N" Map_In_Req="N" Map_Out_Req="N" IsCallout="N" IsSmartView="N" IsSideDrawer="N" SetScrollPosition="" FileSize="" IsMobile="N" PaginationRequired="N" AssociatedUpdateTask="" AssociatedDeleteTask="" TemplateID=""/>
<Control Name="HDNPRJ_HDN_CTRL" RenderAs="EDIT" ControlCaption="Prj Hdn Ctrl" SectionName="PRJHDNSECTION" PageName="[MAINSCREEN]" ILBOName="LISTVIEWUI" ActivityName="LISTVIEWACT" ComponentName="TestComponent" ControlType="HIDDENEDIT" BaseControlType="EDIT" BTSynonym="PRJ_HDN_CTRL" DataType="CHAR" DataLength="20" DecimalLength="0" VisibleLength="0" ProtoTooltip="" DefaultSampleData="" SampleData="" HOrder="002" VOrder="003" Mandatory="N" Visible="N" Editable="N" CaptionRequired="N" ControlPosition="LEFT" LabelClass="" ControlClass="" SelectFlag="N" DeleteFlag="N" ZoomRequired="N" HelpRequired="N" EllipsesRequired="N" AssociatedTask="" DataColumnWidth="0" LabelColumnWidth="0" DataColumnScaleMode="" LabelColumnScaleMode="" CaptionWrap="N" CaptionAlignment="LEFT" CaptionPosition="LEFT" PasswordChar="N" TaskImageClass="" HelpImageClass="" Documentation="Prj_hdn_ctrl" OrderSequence="1" VisibleRows="0" HTMLTextArea="N" SpinRequired="N" SpinUpImage="../Themes/RSGlobalStyles/images/" SpinDownImage="../Themes/RSGlobalStyles/images/" AssociatedSpinControl="" AssociatedSpinTask="" HelpText="Prj Hdn Ctrl - Datatype : CHAR - MaxLength : 20" ReportRequired="N" ModelSectionName="PRJHDNSECTION" UserFormat="YES" InPlaceCalendar="n" InCalDisplay="n" TabIndex="" AccessKey="" GridLite="N" NoofLinesPerRow="" RowHeight="" Vscrollbar_Req="N" BulletLink="N" ButtonCombo="N" DataAsCaption="N" AssociatedList="" OnFocusTask="" ListRefillTask="" MappedListControlID="" MappedListViewName="" AttachDocument="N" ImageUpload="N" InplaceImage="N" ImageIcon="N" ImageType="N" ImageRowHeight="0" RelativeUrlPath="" RelativeDocumentPath="" RelativeImagePath="" SaveDocContentToDb="N" SaveImageContentToDb="N" DateHighlight="N" LinkedHiddenViewName="" IsITK="N"  FC="0" LiteAttach="N" Browse_Button="N" Delete_Button="N" image_row_width="0" image_preview_height="0" image_preview_width="0" image_preview_req="N" Accept_Type="" Lite_Attach_Image="N" TimeZone="N" ApplyVisibleLength="N" EditCombo="N" AutoExpand="N" LabelLink="N" AlignBtnH="1" AlignBtnV="1" CaptionType="Text" ControlStyle="Default" ControlImage="" IsListBox="" Toolbar_Not_Req="N" ColumnBorder_Not_Req="N" RowBorder_Not_Req="N" PageNavigation_Only="N" RowNo_Not_Req="N" NoRowDisplay="N" ExtType="N" ColSpan="0" RowSpan="0" Tooltip_Not_Req="N" GridHeader_Not_Req="N" Border_Not_Req="N" IsModal="N" Alternate_Color_Req="N" Map_In_Req="N" Map_Out_Req="N" IsCallout="N" IsSmartView="N" IsSideDrawer="N" SetScrollPosition="" FileSize="" IsMobile="N" PaginationRequired="N" AssociatedUpdateTask="" AssociatedDeleteTask="" TemplateID=""/>
<Control Name="HDNTESTHDNCNTRL" RenderAs="EDIT" ControlCaption="Testhdncntrl" SectionName="PRJHDNSECTION" PageName="[MAINSCREEN]" ILBOName="LISTVIEWUI" ActivityName="LISTVIEWACT" ComponentName="TestComponent" ControlType="HIDDENEDIT" BaseControlType="EDIT" BTSynonym="TESTHDNCNTRL" DataType="CHAR" DataLength="60" DecimalLength="0" VisibleLength="0" ProtoTooltip="" DefaultSampleData="" SampleData="" HOrder="002" VOrder="004" Mandatory="N" Visible="N" Editable="N" CaptionRequired="N" ControlPosition="LEFT" LabelClass="" ControlClass="" SelectFlag="N" DeleteFlag="N" ZoomRequired="N" HelpRequired="N" EllipsesRequired="N" AssociatedTask="" DataColumnWidth="0" LabelColumnWidth="0" DataColumnScaleMode="" LabelColumnScaleMode="" CaptionWrap="N" CaptionAlignment="LEFT" CaptionPosition="LEFT" PasswordChar="N" TaskImageClass="" HelpImageClass="" Documentation="testhdncntrl" OrderSequence="1" VisibleRows="0" HTMLTextArea="N" SpinRequired="N" SpinUpImage="../Themes/RSGlobalStyles/images/" SpinDownImage="../Themes/RSGlobalStyles/images/" AssociatedSpinControl="" AssociatedSpinTask="" HelpText="Testhdncntrl - Datatype : CHAR - MaxLength : 60" ReportRequired="N" ModelSectionName="PRJHDNSECTION" UserFormat="YES" InPlaceCalendar="n" InCalDisplay="n" TabIndex="" AccessKey="" GridLite="N" NoofLinesPerRow="" RowHeight="" Vscrollbar_Req="N" BulletLink="N" ButtonCombo="N" DataAsCaption="N" AssociatedList="" OnFocusTask="" ListRefillTask="" MappedListControlID="" MappedListViewName="" AttachDocument="N" ImageUpload="N" InplaceImage="N" ImageIcon="N" ImageType="N" ImageRowHeight="0" RelativeUrlPath="" RelativeDocumentPath="" RelativeImagePath="" SaveDocContentToDb="N" SaveImageContentToDb="N" DateHighlight="N" LinkedHiddenViewName="" IsITK="N"  FC="0" LiteAttach="N" Browse_Button="N" Delete_Button="N" image_row_width="0" image_preview_height="0" image_preview_width="0" image_preview_req="N" Accept_Type="" Lite_Attach_Image="N" TimeZone="N" ApplyVisibleLength="N" EditCombo="N" AutoExpand="N" LabelLink="N" AlignBtnH="1" AlignBtnV="1" CaptionType="Text" ControlStyle="Default" ControlImage="" IsListBox="" Toolbar_Not_Req="N" ColumnBorder_Not_Req="N" RowBorder_Not_Req="N" PageNavigation_Only="N" RowNo_Not_Req="N" NoRowDisplay="N" ExtType="N" ColSpan="0" RowSpan="0" Tooltip_Not_Req="N" GridHeader_Not_Req="N" Border_Not_Req="N" IsModal="N" Alternate_Color_Req="N" Map_In_Req="N" Map_Out_Req="N" IsCallout="N" IsSmartView="N" IsSideDrawer="N" SetScrollPosition="" FileSize="" IsMobile="N" PaginationRequired="N" AssociatedUpdateTask="" AssociatedDeleteTask="" TemplateID=""/>
<Control Name="HDNTESTHDNCTRL1" RenderAs="EDIT" ControlCaption="Testhdnctrl1" SectionName="PRJHDNSECTION" PageName="[MAINSCREEN]" ILBOName="LISTVIEWUI" ActivityName="LISTVIEWACT" ComponentName="TestComponent" ControlType="HIDDENEDIT" BaseControlType="EDIT" BTSynonym="TESTHDNCTRL1" DataType="CHAR" DataLength="60" DecimalLength="0" VisibleLength="0" ProtoTooltip="" DefaultSampleData="" SampleData="" HOrder="002" VOrder="005" Mandatory="N" Visible="N" Editable="N" CaptionRequired="N" ControlPosition="LEFT" LabelClass="" ControlClass="" SelectFlag="N" DeleteFlag="N" ZoomRequired="N" HelpRequired="N" EllipsesRequired="N" AssociatedTask="" DataColumnWidth="0" LabelColumnWidth="0" DataColumnScaleMode="" LabelColumnScaleMode="" CaptionWrap="N" CaptionAlignment="LEFT" CaptionPosition="LEFT" PasswordChar="N" TaskImageClass="" HelpImageClass="" Documentation="testhdnctrl1" OrderSequence="1" VisibleRows="0" HTMLTextArea="N" SpinRequired="N" SpinUpImage="../Themes/RSGlobalStyles/images/" SpinDownImage="../Themes/RSGlobalStyles/images/" AssociatedSpinControl="" AssociatedSpinTask="" HelpText="Testhdnctrl1 - Datatype : CHAR - MaxLength : 60" ReportRequired="N" ModelSectionName="PRJHDNSECTION" UserFormat="YES" InPlaceCalendar="n" InCalDisplay="n" TabIndex="" AccessKey="" GridLite="N" NoofLinesPerRow="" RowHeight="" Vscrollbar_Req="N" BulletLink="N" ButtonCombo="N" DataAsCaption="N" AssociatedList="" OnFocusTask="" ListRefillTask="" MappedListControlID="" MappedListViewName="" AttachDocument="N" ImageUpload="N" InplaceImage="N" ImageIcon="N" ImageType="N" ImageRowHeight="0" RelativeUrlPath="" RelativeDocumentPath="" RelativeImagePath="" SaveDocContentToDb="N" SaveImageContentToDb="N" DateHighlight="N" LinkedHiddenViewName="" IsITK="N"  FC="0" LiteAttach="N" Browse_Button="N" Delete_Button="N" image_row_width="0" image_preview_height="0" image_preview_width="0" image_preview_req="N" Accept_Type="" Lite_Attach_Image="N" TimeZone="N" ApplyVisibleLength="N" EditCombo="N" AutoExpand="N" LabelLink="N" AlignBtnH="1" AlignBtnV="1" CaptionType="Text" ControlStyle="Default" ControlImage="" IsListBox="" Toolbar_Not_Req="N" ColumnBorder_Not_Req="N" RowBorder_Not_Req="N" PageNavigation_Only="N" RowNo_Not_Req="N" NoRowDisplay="N" ExtType="N" ColSpan="0" RowSpan="0" Tooltip_Not_Req="N" GridHeader_Not_Req="N" Border_Not_Req="N" IsModal="N" Alternate_Color_Req="N" Map_In_Req="N" Map_Out_Req="N" IsCallout="N" IsSmartView="N" IsSideDrawer="N" SetScrollPosition="" FileSize="" IsMobile="N" PaginationRequired="N" AssociatedUpdateTask="" AssociatedDeleteTask="" TemplateID=""/>
</Controls>
<GridColumns>
<Column Name="EMPLOYEEADDRESS" RenderAs="EDIT" ColumnCaption="Employee Address" ControlName="MLGRIDDETAILS" SectionName="GRIDSECTION" PageName="[MAINSCREEN]" ILBOName="LISTVIEWUI" ActivityName="LISTVIEWACT" ComponentName="TestComponent" ControlType="EDIT" BaseControlType="EDIT" BTSynonym="EMPLOYEEADDRESS" ColumnNo="1" VisibleLength="25" ProtoTooltip="" SampleData="" DefaultSampleData="" Mandatory="N" Visible="Y" Editable="Y" CaptionRequired="Y" SelectFlag="N" ZoomRequired="N" HelpRequired="N" EllipsesRequired="N" AssociatedTask="" DataType="CHAR" DataLength="60" DecimalLength="0" ColumnWrap="N" ColumnAlignment="LEFT" ColumnPosition="LEFT" ControlPosition="LEFT" LabelClass="" ControlClass="" PasswordChar="N" TaskImageClass="" HelpImageClass="" Documentation="" ViewName="1" VisibleRows="0" HTMLTextArea="N" HelpText="Employee Address - Datatype : CHAR - MaxLength : 60" SpellCheckRequired="" ReportRequired="N" UserFormat="YES" TabIndex="" CalloutTask="N" BulletLink="N" ButtonCombo="N" DataAsCaption="N" AssociatedList="" MappedListControlID="" MappedListViewName="" AttachDocument="N" ImageUpload="N" InplaceImage="N" ImageIcon="N" ImageType="N" ImageRowHeight="0" RelativeUrlPath="" RelativeDocumentPath="" RelativeImagePath="" SaveDocContentToDb="N" SaveImageContentToDb="N" DateHighlight="N" LinkedHiddenViewName="" LiteAttach="N" Browse_Button="N" Delete_Button="N" image_row_width="0" image_preview_height="0" image_preview_width="0" image_preview_req="N" Accept_Type="" Lite_Attach_Image="N" IsITK="N" TimeZone="N" DefaultRequired="Y" EditCombo="N" ColumnClass="" ColumnStyle="" Forcefit="N" IsModal="" FileSize="" Email="" Phone="" TemplateID="" ColDataAlign="LEFT" AvnFileDownload="" TemplateCategory="" TemplateSpecification="" ColumnClassExt6="" IconClass="" RowExpander="N" GridToForm="N" Sparkchart="" SetFocusEvent="" LeaveFocusEvent="" SetFocusEventOccurence="" LeaveFocusEventOccurence="" MoreEvent="" UPEEnabled="" CompactView="NA" IsExtension="N" ExtensionOrder="0" BadgeText="N" ShowEyeIcon="N" IconPosition="" SystemClass="N" ColHdrAlign="Left"/>
<Column Name="EMPLOYEEMAILID" RenderAs="EDIT" ColumnCaption="Employee Mail ID" ControlName="MLGRIDDETAILS" SectionName="GRIDSECTION" PageName="[MAINSCREEN]" ILBOName="LISTVIEWUI" ActivityName="LISTVIEWACT" ComponentName="TestComponent" ControlType="EDIT" BaseControlType="EDIT" BTSynonym="EMPLOYEEMAILID" ColumnNo="2" VisibleLength="25" ProtoTooltip="" SampleData="" DefaultSampleData="" Mandatory="N" Visible="Y" Editable="Y" CaptionRequired="Y" SelectFlag="N" ZoomRequired="N" HelpRequired="N" EllipsesRequired="N" AssociatedTask="" DataType="CHAR" DataLength="60" DecimalLength="0" ColumnWrap="N" ColumnAlignment="LEFT" ColumnPosition="LEFT" ControlPosition="LEFT" LabelClass="" ControlClass="" PasswordChar="N" TaskImageClass="" HelpImageClass="" Documentation="" ViewName="2" VisibleRows="0" HTMLTextArea="N" HelpText="Employee Mail ID - Datatype : CHAR - MaxLength : 60" SpellCheckRequired="" ReportRequired="N" UserFormat="YES" TabIndex="" CalloutTask="N" BulletLink="N" ButtonCombo="N" DataAsCaption="N" AssociatedList="" MappedListControlID="" MappedListViewName="" AttachDocument="N" ImageUpload="N" InplaceImage="N" ImageIcon="N" ImageType="N" ImageRowHeight="0" RelativeUrlPath="" RelativeDocumentPath="" RelativeImagePath="" SaveDocContentToDb="N" SaveImageContentToDb="N" DateHighlight="N" LinkedHiddenViewName="" LiteAttach="N" Browse_Button="N" Delete_Button="N" image_row_width="0" image_preview_height="0" image_preview_width="0" image_preview_req="N" Accept_Type="" Lite_Attach_Image="N" IsITK="N" TimeZone="N" DefaultRequired="Y" EditCombo="N" ColumnClass="" ColumnStyle="" Forcefit="N" IsModal="" FileSize="" Email="" Phone="" TemplateID="" ColDataAlign="LEFT" AvnFileDownload="" TemplateCategory="" TemplateSpecification="" ColumnClassExt6="" IconClass="" RowExpander="N" GridToForm="N" Sparkchart="" SetFocusEvent="" LeaveFocusEvent="" SetFocusEventOccurence="" LeaveFocusEventOccurence="" MoreEvent="" UPEEnabled="" CompactView="NA" IsExtension="N" ExtensionOrder="0" BadgeText="N" ShowEyeIcon="N" IconPosition="" SystemClass="N" ColHdrAlign="Left"/>
<Column Name="EMPLOYEEFIRSTNAME" RenderAs="EDIT" ColumnCaption="Employee First Name" ControlName="LVWEMPLOYEENAMELISTVIEW" SectionName="HEADERSECTION" PageName="[MAINSCREEN]" ILBOName="LISTVIEWUI" ActivityName="LISTVIEWACT" ComponentName="TestComponent" ControlType="DISPLAYONLY" BaseControlType="EDIT" BTSynonym="EMPLOYEEFIRSTNAME" ColumnNo="1" VisibleLength="20" ProtoTooltip="" SampleData="" DefaultSampleData="" Mandatory="N" Visible="Y" Editable="N" CaptionRequired="Y" SelectFlag="N" ZoomRequired="N" HelpRequired="N" EllipsesRequired="N" AssociatedTask="" DataType="CHAR" DataLength="60" DecimalLength="0" ColumnWrap="N" ColumnAlignment="LEFT" ColumnPosition="LEFT" ControlPosition="LEFT" LabelClass="" ControlClass="" PasswordChar="N" TaskImageClass="" HelpImageClass="" Documentation="" ViewName="1" VisibleRows="0" HTMLTextArea="N" HelpText="Employee First Name - Datatype : CHAR - MaxLength : 60" SpellCheckRequired="" ReportRequired="N" UserFormat="YES" TabIndex="" CalloutTask="N" BulletLink="N" ButtonCombo="N" DataAsCaption="N" AssociatedList="" MappedListControlID="" MappedListViewName="" AttachDocument="N" ImageUpload="N" InplaceImage="N" ImageIcon="N" ImageType="N" ImageRowHeight="0" RelativeUrlPath="" RelativeDocumentPath="" RelativeImagePath="" SaveDocContentToDb="N" SaveImageContentToDb="N" DateHighlight="N" LinkedHiddenViewName="" LiteAttach="N" Browse_Button="N" Delete_Button="N" image_row_width="0" image_preview_height="0" image_preview_width="0" image_preview_req="N" Accept_Type="" Lite_Attach_Image="N" IsITK="N" TimeZone="N" DefaultRequired="N" EditCombo="N" ColumnClass="" ColumnStyle="" Forcefit="N" IsModal="" FileSize="" Email="" Phone="" TemplateID="" ColDataAlign="LEFT" AvnFileDownload="" TemplateCategory="" TemplateSpecification="" ColumnClassExt6="" IconClass="" RowExpander="N" GridToForm="N" Sparkchart="" SetFocusEvent="" LeaveFocusEvent="" SetFocusEventOccurence="" LeaveFocusEventOccurence="" MoreEvent="" UPEEnabled="" CompactView="NA" IsExtension="N" ExtensionOrder="0" BadgeText="N" ShowEyeIcon="N" IconPosition="" SystemClass="N" ColHdrAlign="Left"/>
<Column Name="EMPLOYEEMIDNAME" RenderAs="EDIT" ColumnCaption="Employee Mid Name" ControlName="LVWEMPLOYEENAMELISTVIEW" SectionName="HEADERSECTION" PageName="[MAINSCREEN]" ILBOName="LISTVIEWUI" ActivityName="LISTVIEWACT" ComponentName="TestComponent" ControlType="DISPLAYONLY" BaseControlType="EDIT" BTSynonym="EMPLOYEEMIDNAME" ColumnNo="2" VisibleLength="20" ProtoTooltip="" SampleData="" DefaultSampleData="" Mandatory="N" Visible="Y" Editable="N" CaptionRequired="Y" SelectFlag="N" ZoomRequired="N" HelpRequired="N" EllipsesRequired="N" AssociatedTask="" DataType="CHAR" DataLength="60" DecimalLength="0" ColumnWrap="N" ColumnAlignment="LEFT" ColumnPosition="LEFT" ControlPosition="LEFT" LabelClass="" ControlClass="" PasswordChar="N" TaskImageClass="" HelpImageClass="" Documentation="" ViewName="2" VisibleRows="0" HTMLTextArea="N" HelpText="Employee Mid Name - Datatype : CHAR - MaxLength : 60" SpellCheckRequired="" ReportRequired="N" UserFormat="YES" TabIndex="" CalloutTask="N" BulletLink="N" ButtonCombo="N" DataAsCaption="N" AssociatedList="" MappedListControlID="" MappedListViewName="" AttachDocument="N" ImageUpload="N" InplaceImage="N" ImageIcon="N" ImageType="N" ImageRowHeight="0" RelativeUrlPath="" RelativeDocumentPath="" RelativeImagePath="" SaveDocContentToDb="N" SaveImageContentToDb="N" DateHighlight="N" LinkedHiddenViewName="" LiteAttach="N" Browse_Button="N" Delete_Button="N" image_row_width="0" image_preview_height="0" image_preview_width="0" image_preview_req="N" Accept_Type="" Lite_Attach_Image="N" IsITK="N" TimeZone="N" DefaultRequired="N" EditCombo="N" ColumnClass="" ColumnStyle="" Forcefit="N" IsModal="" FileSize="" Email="" Phone="" TemplateID="" ColDataAlign="LEFT" AvnFileDownload="" TemplateCategory="" TemplateSpecification="" ColumnClassExt6="" IconClass="" RowExpander="N" GridToForm="N" Sparkchart="" SetFocusEvent="" LeaveFocusEvent="" SetFocusEventOccurence="" LeaveFocusEventOccurence="" MoreEvent="" UPEEnabled="" CompactView="NA" IsExtension="N" ExtensionOrder="0" BadgeText="N" ShowEyeIcon="N" IconPosition="" SystemClass="N" ColHdrAlign="Left"/>
<Column Name="EMPLOYEELASTNAME" RenderAs="EDIT" ColumnCaption="Employee Last Name" ControlName="LVWEMPLOYEENAMELISTVIEW" SectionName="HEADERSECTION" PageName="[MAINSCREEN]" ILBOName="LISTVIEWUI" ActivityName="LISTVIEWACT" ComponentName="TestComponent" ControlType="DISPLAYONLY" BaseControlType="EDIT" BTSynonym="EMPLOYEELASTNAME" ColumnNo="3" VisibleLength="20" ProtoTooltip="" SampleData="" DefaultSampleData="" Mandatory="N" Visible="Y" Editable="N" CaptionRequired="Y" SelectFlag="N" ZoomRequired="N" HelpRequired="N" EllipsesRequired="N" AssociatedTask="" DataType="CHAR" DataLength="60" DecimalLength="0" ColumnWrap="N" ColumnAlignment="LEFT" ColumnPosition="LEFT" ControlPosition="LEFT" LabelClass="" ControlClass="" PasswordChar="N" TaskImageClass="" HelpImageClass="" Documentation="" ViewName="3" VisibleRows="0" HTMLTextArea="N" HelpText="Employee Last Name - Datatype : CHAR - MaxLength : 60" SpellCheckRequired="" ReportRequired="N" UserFormat="YES" TabIndex="" CalloutTask="N" BulletLink="N" ButtonCombo="N" DataAsCaption="N" AssociatedList="" MappedListControlID="" MappedListViewName="" AttachDocument="N" ImageUpload="N" InplaceImage="N" ImageIcon="N" ImageType="N" ImageRowHeight="0" RelativeUrlPath="" RelativeDocumentPath="" RelativeImagePath="" SaveDocContentToDb="N" SaveImageContentToDb="N" DateHighlight="N" LinkedHiddenViewName="" LiteAttach="N" Browse_Button="N" Delete_Button="N" image_row_width="0" image_preview_height="0" image_preview_width="0" image_preview_req="N" Accept_Type="" Lite_Attach_Image="N" IsITK="N" TimeZone="N" DefaultRequired="N" EditCombo="N" ColumnClass="" ColumnStyle="" Forcefit="N" IsModal="" FileSize="" Email="" Phone="" TemplateID="" ColDataAlign="LEFT" AvnFileDownload="" TemplateCategory="" TemplateSpecification="" ColumnClassExt6="" IconClass="" RowExpander="N" GridToForm="N" Sparkchart="" SetFocusEvent="" LeaveFocusEvent="" SetFocusEventOccurence="" LeaveFocusEventOccurence="" MoreEvent="" UPEEnabled="" CompactView="NA" IsExtension="N" ExtensionOrder="0" BadgeText="N" ShowEyeIcon="N" IconPosition="" SystemClass="N" ColHdrAlign="Left"/>
<Column Name="EMPLOYEEUNIQUENO" RenderAs="EDIT" ColumnCaption="Employee Unique No" ControlName="LVWEMPLOYEENOLISTVIEW" SectionName="HEADERSECTION" PageName="[MAINSCREEN]" ILBOName="LISTVIEWUI" ActivityName="LISTVIEWACT" ComponentName="TestComponent" ControlType="DISPLAYONLY" BaseControlType="EDIT" BTSynonym="EMPLOYEEUNIQUENO" ColumnNo="1" VisibleLength="20" ProtoTooltip="" SampleData="" DefaultSampleData="" Mandatory="N" Visible="Y" Editable="N" CaptionRequired="Y" SelectFlag="N" ZoomRequired="N" HelpRequired="N" EllipsesRequired="N" AssociatedTask="" DataType="CHAR" DataLength="60" DecimalLength="0" ColumnWrap="N" ColumnAlignment="LEFT" ColumnPosition="LEFT" ControlPosition="LEFT" LabelClass="" ControlClass="" PasswordChar="N" TaskImageClass="" HelpImageClass="" Documentation="" ViewName="1" VisibleRows="0" HTMLTextArea="N" HelpText="Employee Unique No - Datatype : CHAR - MaxLength : 60" SpellCheckRequired="" ReportRequired="N" UserFormat="YES" TabIndex="" CalloutTask="N" BulletLink="N" ButtonCombo="N" DataAsCaption="N" AssociatedList="" MappedListControlID="" MappedListViewName="" AttachDocument="N" ImageUpload="N" InplaceImage="N" ImageIcon="N" ImageType="N" ImageRowHeight="0" RelativeUrlPath="" RelativeDocumentPath="" RelativeImagePath="" SaveDocContentToDb="N" SaveImageContentToDb="N" DateHighlight="N" LinkedHiddenViewName="" LiteAttach="N" Browse_Button="N" Delete_Button="N" image_row_width="0" image_preview_height="0" image_preview_width="0" image_preview_req="N" Accept_Type="" Lite_Attach_Image="N" IsITK="N" TimeZone="N" DefaultRequired="N" EditCombo="N" ColumnClass="" ColumnStyle="" Forcefit="N" IsModal="" FileSize="" Email="" Phone="" TemplateID="" ColDataAlign="LEFT" AvnFileDownload="" TemplateCategory="" TemplateSpecification="" ColumnClassExt6="" IconClass="" RowExpander="N" GridToForm="N" Sparkchart="" SetFocusEvent="" LeaveFocusEvent="" SetFocusEventOccurence="" LeaveFocusEventOccurence="" MoreEvent="" UPEEnabled="" CompactView="NA" IsExtension="N" ExtensionOrder="0" BadgeText="N" ShowEyeIcon="N" IconPosition="" SystemClass="N" ColHdrAlign="Left"/>
</GridColumns>
<RadioButtons>
</RadioButtons>
<EnumValues>
</EnumValues>
<ComboLinkValues>
</ComboLinkValues>
<Traversal>
</Traversal>
<Tasks>
<Task Name="TCMAINS5FTH" TaskDescr="Default Fetch" TaskSeq="1" TaskType="Fetch" TaskPattern="FETCH" PageName="[MAINSCREEN]" SectionName="[MAINSECTION]" PrimaryControlBT="[NONE]" StatusMessage="" ConfirmationMessage="" CVS="" ExcelReport="" Tree="" Chart="" FullTree="N" ManualReport="" DirectPrint="" ExcelRepAsscCtrl="" ErrorLookup="N" FollowupTask="N" ProcessingMessage="" PopUpPage="" PopUpSection="" PopUpClose="N" AssociatedML="LVWEmployeeNameListView, LVWEmployeeNoListView" SourceCtrl="" TargetCtrl="" QRType="" ChildWidth="0" ChildHeight="0" Toolbarnotreq="0" btype="" AssociatedPathCtrl="" button_prev_service="" PopupCloseOnClick="N" QuickAction="N" IsOffline="N" IsSystemTask="N" SysTaskType="" DefaultGroup=""/>
<Task Name="TCMAINS5DIS" TaskDescr="Disposal" TaskSeq="2" TaskType="Disposal" TaskPattern="DISPOSAL" PageName="[MAINSCREEN]" SectionName="" PrimaryControlBT="[NONE]" StatusMessage="" ConfirmationMessage="" CVS="" ExcelReport="" Tree="" Chart="" FullTree="N" ManualReport="" DirectPrint="" ExcelRepAsscCtrl="" ErrorLookup="N" FollowupTask="N" ProcessingMessage="" PopUpPage="" PopUpSection="" PopUpClose="N" AssociatedML="" SourceCtrl="" TargetCtrl="" QRType="" ChildWidth="0" ChildHeight="0" Toolbarnotreq="0" btype="" AssociatedPathCtrl="" button_prev_service="" PopupCloseOnClick="N" QuickAction="N" IsOffline="N" IsSystemTask="N" SysTaskType="" DefaultGroup=""/>
<Task Name="TCMAINS5SAVE1TR" TaskDescr="Save" TaskSeq="3" TaskType="Trans" TaskPattern="TRANS" PageName="[MAINSCREEN]" SectionName="BUTTONSECTION" PrimaryControlBT="SAVE" StatusMessage="" ConfirmationMessage="" CVS="" ExcelReport="" Tree="" Chart="" FullTree="N" ManualReport="" DirectPrint="" ExcelRepAsscCtrl="" ErrorLookup="N" FollowupTask="N" ProcessingMessage="" PopUpPage="" PopUpSection="" PopUpClose="N" AssociatedML="LVWEmployeeNameListView, LVWEmployeeNoListView, MLGridDetails" SourceCtrl="" TargetCtrl="" QRType="" ChildWidth="0" ChildHeight="0" Toolbarnotreq="0" btype="" AssociatedPathCtrl="" button_prev_service="" PopupCloseOnClick="N" QuickAction="N" IsOffline="N" IsSystemTask="N" SysTaskType="" DefaultGroup=""/>
</Tasks>
<DepState>
</DepState>
<PreferredTasks>
<Controls>
</Controls>
</PreferredTasks>
<ControlExtensions>
<Controls>
</Controls>
</ControlExtensions>
<ListEdit>
</ListEdit>
<CustomList>
</CustomList>
<CompletionCharts>
</CompletionCharts>
<InplaceVideos>
</InplaceVideos>
<DataGrid>
</DataGrid>
<TaskPanes>
</TaskPanes>
<ErrorLookups>
</ErrorLookups>
<FollowupTasks>
</FollowupTasks>
<Trees>
</Trees>
<UserSections>
</UserSections>
<Properties>
<Pages>
</Pages>
<Sections>
</Sections>
<Controls>
</Controls>
<Columns>
</Columns>
<Pivot>
<PControls>
</PControls>
<PColumns>
</PColumns>
</Pivot>
<ColumnGroup>
</ColumnGroup>
<Syncview>
</Syncview>
<Sliders>
</Sliders>
<Tag>
</Tag>
<ListItems>
</ListItems>
<MessageActions>
</MessageActions>
<Responsive>
</Responsive>
</Properties>
</ILBO>
</ILBOs>
</Activity>
</Activities>